{"cameraMode":{"drawMode":0,"name":"Shaded","section":"Shading Mode"},"sceneLighting":false,"audioPlay":false,"sceneViewState":{"m_AlwaysRefresh":false,"showFog":true,"showSkybox":false,"showFlares":true,"showImageEffects":true,"showParticleSystems":true,"showVisualEffectGraphs":true,"m_FxEnabled":true},"in2DMode":false,"pivot":{"x":0.5283455848693848,"y":1.6615731716156006,"z":-0.6299999952316284},"rotation":{"x":0.1434294730424881,"y":-0.03202953189611435,"z":0.004820984322577715,"w":0.9891760945320129},"size":0.6081600785255432,"orthographic":false}