{"cameraMode":{"drawMode":0,"name":"Shaded","section":"Shading Mode"},"sceneLighting":false,"audioPlay":false,"sceneViewState":{"m_AlwaysRefresh":false,"showFog":true,"showSkybox":false,"showFlares":true,"showImageEffects":true,"showParticleSystems":true,"showVisualEffectGraphs":true,"m_FxEnabled":true},"in2DMode":false,"pivot":{"x":0.17371541261672975,"y":0.0888834148645401,"z":-0.15699905157089234},"rotation":{"x":-0.11216329038143158,"y":-0.044118527323007587,"z":-0.004829826299101114,"w":0.9927453994750977},"size":0.31695306301116946,"orthographic":true}