{"cameraMode":{"drawMode":0,"name":"Shaded","section":"Shading Mode"},"sceneLighting":true,"audioPlay":false,"sceneViewState":{"m_AlwaysRefresh":false,"showFog":true,"showSkybox":true,"showFlares":true,"showImageEffects":true,"showParticleSystems":true,"showVisualEffectGraphs":true,"m_FxEnabled":true},"in2DMode":false,"pivot":{"x":1.659881591796875,"y":2.9806251525878908,"z":2.8902435302734377},"rotation":{"x":0.08057939261198044,"y":-0.5692841410636902,"z":0.05619402974843979,"w":0.8162575960159302},"size":1.2247449159622193,"orthographic":false}